applicationId,taId,positionId,status,appliedAt,resumePath
90111111-1111-4111-8111-111111111111,a1111111-1111-4111-8111-111111111111,10111111-1111-4111-8111-111111111111,SELECTED,2026-04-08T14:00:00,data/cv/resume-apollo.pdf
90222222-2222-4222-8222-222222222222,e5555555-5555-4555-8555-555555555555,10111111-1111-4111-8111-111111111111,REJECTED,2026-04-08T14:20:00,data/cv/resume-artemis.pdf
90333333-3333-4333-8333-333333333333,f6666666-6666-4666-8666-666666666666,20222222-2222-4222-8222-222222222222,SELECTED,2026-04-09T10:00:00,data/cv/resume-hermes.pdf
90444444-4444-4444-8444-444444444444,a1111111-1111-4111-8111-111111111111,20222222-2222-4222-8222-222222222222,WITHDRAWN,2026-04-09T11:00:00,data/cv/resume-apollo.pdf
90555555-5555-4555-8555-555555555555,e5555555-5555-4555-8555-555555555555,20222222-2222-4222-8222-222222222222,SELECTED,2026-04-10T15:00:00,data/cv/resume-artemis.pdf
90666666-6666-4666-8666-666666666666,f6666666-6666-4666-8666-666666666666,30333333-3333-4333-8333-333333333333,PENDING,2026-04-05T09:30:00,data/cv/resume-hermes.pdf
4629ddcb-100d-4917-a0d9-b7f71de4281f,4ebd95da-7a5a-48ab-ba4d-49c90efc4723,20222222-2222-4222-8222-222222222222,REJECTED,2026-04-11T17:47:33,uploads/1775900853112_EBU6304_GroupProject_Intermediate assessment.pdf
6b55eef7-e2f8-48f8-8432-e2e3a2678d7d,4ebd95da-7a5a-48ab-ba4d-49c90efc4723,30333333-3333-4333-8333-333333333333,WITHDRAWN,2026-04-11T17:48:59,uploads/1775900939166_EBU6304_GroupProject_Intermediate assessment.pdf
7963b765-fe36-4a49-9fca-7de4807a8f86,e5555555-5555-4555-8555-555555555555,30333333-3333-4333-8333-333333333333,PENDING,2026-04-11T18:22:34,data/cv/resume-artemis.pdf
